maping,voting
13-300,15-300 JBER No. 2
13-305,15-305 Creekside Park
13-310,15-310 Muldoon No. 1
13-315,15-315 Muldoon No. 2
13-320,15-320 North Muldoon
14-325,16-325 Russian Jack
14-330,16-330 Nunaka Valley
14-335,16-335 Northeast Anchorage
14-340,16-340 College Gate
14-345,16-345 Chester Valley
14-350,16-350 Reflection Lake
14-355,16-355 Wonder Park
15-400,17-400 Rogers Park
15-405,17-405 University No. 1
15-410,17-410 University No. 2
15-415,17-415 Far North Bicentennial
15-420,17-420 Tudor No. 1
15-425,17-425 Tudor No. 2
15-430,17-430 East Anchorage
16-435,18-435 West Anchorage No. 1
16-440,18-440 West Anchorage No. 2
16-445,18-445 Spenard
16-450,18-450 Willow Crest
16-455,18-455 West Anchorage No. 3
16-460,18-460 Fireweed No. 1
16-465,18-465 Fireweed No. 2
16-470,18-470 Fireweed No. 3
16-475,18-475 Midtown No. 1
16-480,18-480 Midtown No. 2
17-500,19-500 North Mt View No. 1
17-505,19-505 North Mt View No. 2
17-510,19-510 South Mt View No. 1
17-515,19-515 South Mt View No. 2
17-520,19-520 Airport Heights No. 1
17-525,19-525 Airport Heights No. 2
18-530,20-530 Government Hill
18-535,20-535 Merrill Field
18-540,20-540 Downtown Anch No. 1
18-545,20-545 Downtown Anch No. 2
18-550,20-550 Downtown Anch No. 3
18-555,20-555 Downtown Anch No. 4
18-560,20-560 Inlet View
18-565,20-565 Westchester
18-570,20-570 Fairview
19-600,21-600 Turnagain No. 1
19-605,21-605 Sand Lake No. 1
19-610,21-610 Sand Lake No. 2
19-615,21-615 Sand Lake No. 3
19-620,21-620 Lake Spenard
19-625,21-625 Lake Hood
19-630,21-630 Turnagain No. 2
19-635,21-635 Turnagain No. 3
20-640,22-640 Dimond No. 1
20-645,22-645 Kincaid
20-650,22-650 Jewel Lake No. 1
20-655,22-655 Jewel Lake No. 2
20-660,22-660 Campbell Lake
20-665,22-665 Sand Lake No. 4
20-670,22-670 Sand Lake No. 5
21-700,24-700 Huffman No. 1
21-705,24-705 Huffman No. 2
21-710,24-710 Klatt
21-715,24-715 Southport
21-720,24-720 Ocean View No. 1
21-725,24-725 Ocean View No. 2
21-730,24-730 Bayshore
22-735,23-735 Northwood
22-740,23-740 Arctic
22-745,23-745 Midtown No. 3
22-750,23-750 Taku
22-755,23-755 Campbell Creek No. 1
22-760,23-760 Campbell Creek No. 2
22-765,23-765 Campbell Creek No. 3
22-770,23-770 Dimond No. 2
23-800,26-800 Independence Park No. 1
23-805,26-805 O'Malley No. 1
23-810,26-810 Huffman No. 3
23-815,26-815 Huffman No. 4
23-820,26-820 O'Malley No. 2
23-825,26-825 Independence Park No. 2
23-830,26-830 Elmore No. 2
23-835,26-835 O'Malley No. 3
24-840,25-840 East Dowling No. 1
24-845,25-845 Elmore No. 1
24-850,25-850 Abbott No. 1
24-855,25-855 Lore No. 1
24-860,25-860 Lore No. 2
24-865,25-865 Abbott No. 2
24-870,25-870 East Dowling No. 2
25-900,27-900 Cheney Lake
25-905,27-905 Muldoon No. 3
25-910,27-910 Muldoon No. 4
25-915,27-915 Chugach Ft. Hills No. 1
25-920,27-920 Chugach Ft. Hills No. 2
25-925,27-925 Scenic Park
25-930,27-930 Baxter
25-935,27-935 Stuckagain Heights
26-940,14-940 Downtown Eagle River No. 2
26-945,14-945 Meadow Creek No. 1
26-950,14-950 Meadow Creek No. 2
26-955,14-955 Eagle River No. 1
26-960,14-960 Eagle River No. 2
26-965,14-965 Chugach Park No. 2
26-970,14-970 Hiland
27-105,28-105 Rabbit Creek No. 1
27-110,28-110 Rabbit Creek No. 2
27-115,28-115 Huffman No. 6
27-120,28-120 Huffman No. 7
27-125,28-125 Bear Valley
27-130,28-130 Indian
27-135,28-135 Girdwood
27-140,28-140 Golden View
27-145,28-145 O'Malley No. 4
12-235,13-235 Chugiak
12-240,13-240 Fire Lake
12-245,13-245 JBER No. 1
12-250,13-250 Downtown Eagle River No. 1
12-255,13-255 Chugach Park No. 1
